decision_id	concept_en	exact_spict_context_en	source_unit_ids	clinical_risk	plain_language_risk	candidate_fi	candidate_origin	terminology_evidence_ids	terminology_source_ids	source_evidence_summary	model_semantic_mapping_note	conflict_status	alternative_fi	recommended_for_human_review	human_decision	human_decision_note	decided_by	decision_date	terveyskirjasto_evidence_ids	terveyskirjasto_terms	terveyskirjasto_evidence_status	evidence_after_enrichment	remaining_uncertainty
T-001	palliative care	"Supportive and Palliative Care Indicators Tool (SPICT-4ALL-……)

The person (or family) asks for palliative care; chooses to reduce, stop or not have treatment; or wishes to focus on quality of life.

Stopping kidney dialysis or choosing palliative care instead of starting dialysis."	S4A-2026-000|S4A-2026-009|S4A-2026-019	HIGH	HIGH	Palliatiivinen hoito	SOURCE_DERIVED_FINNISH_ONLY	TERM-EVID-PDF-004|TERM-EVID-PDF-007|TERM-EVID-PDF-005|TERM-EVID-PDF-008	TERM-SRC-002|TERM-SRC-003	TERM-EVID-PDF-004: Palliatiivinen hoito; English=NOT_PROVIDED; definition=NOT_PROVIDED | TERM-EVID-PDF-007: Palliatiivinen hoito; English=NOT_PROVIDED; definition=NOT_PROVIDED | TERM-EVID-PDF-005: saattohoito; English=NOT_PROVIDED; definition=NOT_PROVIDED | TERM-EVID-PDF-008: saattohoito; English=NOT_PROVIDED; definition=NOT_PROVIDED	MODEL_SEMANTIC_MAPPING: The two Finnish titles/keyword lists name palliative care and saattohoito separately but provide no extracted definition or English pair. The proposed correspondence is model interpretation; these fragments alone do not prove interchangeability or clinical scope. Ask the human team to prevent automatic substitution of saattohoito for every occurrence. The title still requires a separate source-authority disposition.	NO_REGISTERED_CONFLICT_LINKED; MODEL_MAPPING_UNADJUDICATED	saattohoito (source term for contrast only; not established as an equivalent)	MUST_DECIDE_BEFORE_G1					TERM-EVID-WEB-006-001	palliatiivinen	PARTIAL_OR_CONTEXTUAL	EXISTING_EVIDENCE_PLUS_CONTEXT	Adjektiivin määritelmä tukee oireita lievittävää merkitystä; ei määrittele koko palliatiivista hoitoa eikä tee siitä saattohoidon synonyymiä.
T-002	life shortening health conditions	"The SPICT helps us look for people who have life shortening health conditions and are less well. These people need more help and care now, and a plan for care in the future.

People who are less well with other life shortening physical or mental illnesses or health conditions. There is no treatment available or it will not work well."	S4A-2026-001|S4A-2026-042	HIGH	HIGH	elämää lyhentävät terveysongelmat	MODEL_PROPOSED_FROM_EVIDENCE	TERM-EVID-004-ROW-0079	TERM-SRC-004	TERM-EVID-004-ROW-0079: terveysongelma; English=NOT_PROVIDED; definition=present	MODEL_SEMANTIC_MAPPING: The Finnish definition of terveysongelma includes disease, symptom or another health deviation. The life-shortening modifier and the combined candidate are model-proposed, not supplied by that source. Preserve the life-shortening scope, physical/mental alternatives and absence of an asserted terminal phase.	NO_REGISTERED_CONFLICT_LINKED; MODEL_MAPPING_UNADJUDICATED		MUST_DECIDE_BEFORE_G1							NO_USEFUL_EVIDENCE	MODEL_PROPOSED_FROM_EVIDENCE	Haku ei tuottanut riittävän täsmällistä käsitemääritelmää. Elinajan lyheneminen, ennuste ja yksittäinen sairaus eivät ole automaattisesti sama käsite.
T-003	carer	"Person’s carer needs more help and support.

Start talking with the person and their family or carer about help needed now and why making plans is important in case things change."	S4A-2026-006|S4A-2026-046	HIGH	HIGH		NO_RELIABLE_TERMINOLOGY_EVIDENCE			No reliable correspondence found in the 136-entry set.	MODEL_SEMANTIC_MAPPING: No extracted entry establishes the role of a carer or a Finnish equivalent. Staff/professional/client entries do not establish this relationship. Ask whether the project needs a term that includes informal support without silently introducing an employment or formal caregiver-benefit status.	NO_REGISTERED_CONFLICT_LINKED; MODEL_MAPPING_UNADJUDICATED		MUST_DECIDE_BEFORE_G1					TERM-EVID-WEB-006-002	Omaishoitaja	PARTIAL_OR_CONTEXTUAL	STILL_INSUFFICIENT_PARTIAL_EVIDENCE	Omaishoitaja esiintyy sopimuksen ja palvelusuunnitelman yhteydessä. SPICT carer voi tarkoittaa laajempaa läheisen auttajan roolia; sopimusta ei saa lisätä edellytykseksi.
T-004	care plans / planning future care	"The SPICT helps us look for people who have life shortening health conditions and are less well. These people need more help and care now, and a plan for care in the future.

Start talking with the person and their family or carer about help needed now and why making plans is important in case things change.

Care plans are shared with staff who need to see them and kept up to date."	S4A-2026-001|S4A-2026-046|S4A-2026-051	MEDIUM	HIGH	hoitosuunnitelma	MODEL_PROPOSED_FROM_EVIDENCE	TERM-EVID-PDF-006|TERM-EVID-004-ROW-0017|TERM-EVID-004-ROW-0084	TERM-SRC-002|TERM-SRC-004	TERM-EVID-PDF-006: hoitosuunnitelma; English=SOURCE_EXPLICIT; definition=NOT_PROVIDED | TERM-EVID-004-ROW-0017: hoidon suunnittelu; English=NOT_PROVIDED; definition=present | TERM-EVID-004-ROW-0084: Tiedonhallintapalvelun terveys- ja hoitosuunnitelma; English=NOT_PROVIDED; definition=present	MODEL_SEMANTIC_MAPPING: The PDF explicitly pairs hoitosuunnitelma with advance care planning, not with the broader SPICT care plans. The CSV defines collaborative planning and a specific Kanta-related plan. Reusing the Finnish wording for SPICT is MODEL_SEMANTIC_MAPPING; neither advance care planning nor the named information-system document may be imposed on all SPICT plans. Preserve sharing, updates and contingency planning.	NO_REGISTERED_CONFLICT_LINKED; MODEL_MAPPING_UNADJUDICATED		MUST_DECIDE_BEFORE_G1					TERM-EVID-WEB-006-003	hoito- ja palvelusuunnitelma	PARTIAL_OR_CONTEXTUAL	EXISTING_EVIDENCE_PLUS_CONTEXT	Hoito- ja palvelusuunnitelma on kontekstuaalinen esimerkki. SPICT care plans ei rajaudu omaishoitoon eikä ole automaattisesti hoitotahto.
T-005	reduce, stop or not have treatment / stopping or not starting dialysis	"The person (or family) asks for palliative care; chooses to reduce, stop or not have treatment; or wishes to focus on quality of life.

Stopping kidney dialysis or choosing palliative care instead of starting dialysis.

Stopping or not starting dialysis"	S4A-2026-009|S4A-2026-019|S4A-2026-020	HIGH	HIGH	hoidon vähentäminen / hoidon lopettaminen / hoidon aloittamatta jättäminen	MODEL_PROPOSED_FROM_EVIDENCE	TERM-EVID-004-ROW-0021|TERM-EVID-004-ROW-0019	TERM-SRC-004	TERM-EVID-004-ROW-0021: hoito; English=NOT_PROVIDED; definition=present | TERM-EVID-004-ROW-0019: hoidon tavoite; English=NOT_PROVIDED; definition=present	MODEL_SEMANTIC_MAPPING: The source defines hoito broadly and collaborative goals. The three Finnish action labels are model constructions, not a source-provided equivalence. Preserve reduction, withdrawal and non-initiation as separate alternatives; preserve person/family agency and choosing palliative care instead of starting dialysis. A terminology decision cannot become a treatment recommendation.	NO_REGISTERED_CONFLICT_LINKED; MODEL_MAPPING_UNADJUDICATED		MUST_DECIDE_BEFORE_G1					TERM-EVID-WEB-006-004	DNAR-päätös	PARTIAL_OR_CONTEXTUAL	EXISTING_EVIDENCE_PLUS_CONTEXT	DNAR on rajattu elvytystä koskeva päätös eikä tarkoita kaiken hoidon lopettamista. Vähentäminen, lopettaminen ja aloittamatta jättäminen sekä henkilön valinnat on säilytettävä erillisinä.
T-006	kidney dialysis	"Stopping kidney dialysis or choosing palliative care instead of starting dialysis.

Stopping or not starting dialysis"	S4A-2026-019|S4A-2026-020	HIGH	MEDIUM		NO_RELIABLE_TERMINOLOGY_EVIDENCE			No reliable correspondence found in the 136-entry set.	MODEL_SEMANTIC_MAPPING: No dialysis entry or definition occurs in the 136-entry evidence set. General treatment terminology cannot identify the procedure. Human review should check the procedure term independently from the choices recorded in T-005.	NO_REGISTERED_CONFLICT_LINKED; MODEL_MAPPING_UNADJUDICATED		MAY_REMAIN_UNCONTROLLED_FOR_INDEPENDENT_AB					TERM-EVID-WEB-006-005;TERM-EVID-WEB-006-006	dialyysi;hemodialyysi	CORE_TERM_SUPPORTED	NEW_CORE_TERMINOLOGY_EVIDENCE_FOR_REVIEW	Dialyysi määritellään myös munuaisten vajaatoiminnan hoitona. Hemodialyysi on vertailuun tarkoitettu alalaji; sitä ei saa valita koko dialyysin vastineeksi.
T-007	quality of life	The person (or family) asks for palliative care; chooses to reduce, stop or not have treatment; or wishes to focus on quality of life.	S4A-2026-009	MEDIUM	HIGH		NO_RELIABLE_TERMINOLOGY_EVIDENCE			No reliable correspondence found in the 136-entry set.	MODEL_SEMANTIC_MAPPING: The extracted keyword laatu concerns a quality recommendation and does not establish quality of life. No reliable term/definition for this concept was extracted. Preserve the person or family wish to focus on quality of life without substituting service quality.	NO_REGISTERED_CONFLICT_LINKED; MODEL_MAPPING_UNADJUDICATED		MAY_REMAIN_UNCONTROLLED_FOR_INDEPENDENT_AB					TERM-EVID-WEB-006-007	elämänlaatu	PARTIAL_OR_CONTEXTUAL	STILL_INSUFFICIENT_PARTIAL_EVIDENCE	Elämänlaatu esiintyy terveyskäsitteen yhteydessä, mutta katkelma ei määrittele sitä kattavasti eikä anna englanninkielistä termiparia.
T-008	dementia	Dementia or frailty	S4A-2026-021	HIGH	HIGH		NO_RELIABLE_TERMINOLOGY_EVIDENCE			No reliable correspondence found in the 136-entry set.	MODEL_SEMANTIC_MAPPING: No dementia term or definition occurs in the extracted set. Preserve its distinction from frailty and the source alternative or; do not label every listed functional sign as a dementia diagnosis.	NO_REGISTERED_CONFLICT_LINKED; MODEL_MAPPING_UNADJUDICATED		MAY_REMAIN_UNCONTROLLED_FOR_INDEPENDENT_AB					TERM-EVID-WEB-006-008	dementia	CORE_TERM_SUPPORTED	NEW_CORE_TERMINOLOGY_EVIDENCE_FOR_REVIEW	Sanasto määrittelee dementian oireyhtymiksi. Lähteen vaihtoehtoinen ilmaus tylsistyminen ei ole suositus selkokieliseksi vastineeksi; ei pidä samastaa kaikkeen muistisairauteen.
T-009	frailty	Dementia or frailty	S4A-2026-021	HIGH	HIGH		NO_RELIABLE_TERMINOLOGY_EVIDENCE			No reliable correspondence found in the 136-entry set.	MODEL_SEMANTIC_MAPPING: No frailty term or definition occurs in the extracted set. General functional limitation or rehabilitation entries do not establish a frailty equivalent. Preserve its distinction from dementia; clinical review is needed before controlling a Finnish term.	NO_REGISTERED_CONFLICT_LINKED; MODEL_MAPPING_UNADJUDICATED		MAY_REMAIN_UNCONTROLLED_FOR_INDEPENDENT_AB					TERM-EVID-WEB-006-009	hauraus-raihnausoireyhtymä	PARTIAL_OR_CONTEXTUAL	STILL_INSUFFICIENT_PARTIAL_EVIDENCE	Hauraus-raihnausoireyhtymä/gerastenia määritellään vanhuuteen liittyväksi. SPICT frailty-käsitteen laajuus ja ymmärrettävyys vaativat asiantuntijapäätöksen; ikärajausta ei saa lisätä.
T-010	heart failure	Heart failure or heart blood vessel disease. Short of breath or has chest pain when resting, moving or walking a few steps.	S4A-2026-015	HIGH	MEDIUM		NO_RELIABLE_TERMINOLOGY_EVIDENCE			No reliable correspondence found in the 136-entry set.	MODEL_SEMANTIC_MAPPING: No heart-failure entry occurs in the extracted set. Preserve the alternative heart blood vessel disease and the symptom conditions at rest, movement or a few steps. A general heart-problem label is not evidence for this diagnosis.	NO_REGISTERED_CONFLICT_LINKED; MODEL_MAPPING_UNADJUDICATED		MAY_REMAIN_UNCONTROLLED_FOR_INDEPENDENT_AB					TERM-EVID-WEB-006-010	sydämen vajaatoiminta	CORE_TERM_SUPPORTED	NEW_CORE_TERMINOLOGY_EVIDENCE_FOR_REVIEW	Sydämen vajaatoiminta on lähteen hakusana. Vaikeusaste ja lähdelauseen ehdot on arvioitava erikseen; sydäninsuffisienssi on tekninen vertailutermi.
T-011	liver transplant	A liver transplant is not possible.	S4A-REQ-2026-001	HIGH	MEDIUM		NO_RELIABLE_TERMINOLOGY_EVIDENCE			No reliable correspondence found in the 136-entry set.	MODEL_SEMANTIC_MAPPING: No transplant entry occurs in the extracted set. Preserve not possible without converting it to refusal or a decision to stop treatment. This change-spec requirement remains noncanonical, authority-unresolved, publication-blocking and non-insertable; terminology review cannot add it to the canonical template.	NO_REGISTERED_CONFLICT_LINKED; MODEL_MAPPING_UNADJUDICATED		MAY_REMAIN_UNCONTROLLED_FOR_INDEPENDENT_AB					TERM-EVID-WEB-006-011;TERM-EVID-WEB-006-012;TERM-EVID-WEB-006-013;TERM-EVID-WEB-006-014;TERM-EVID-WEB-006-015	Maksansiirto;maksasiirre;elinsiirto;siirre;transplantaatio	PARTIAL_OR_CONTEXTUAL	STILL_INSUFFICIENT_PARTIAL_EVIDENCE	Maksansiirto esiintyy hoitotoimenpiteenä, maksasiirre siirrettävänä elimenä; siirre ja transplantaatio määritellään erikseen. Elinsiirto on yleisempi. Lopullista suomenkielistä valintaa ei tehdä. S4A-REQ-2026-001 jää ratkaisemattomaksi SPICT-lähdevaatimukseksi.
T-012	short of breath / respiratory problems	"Heart failure or heart blood vessel disease. Short of breath or has chest pain when resting, moving or walking a few steps.

Respiratory problems

More unwell with long term lung problems. Short of breath when resting, moving or walking a few steps even when the chest is at its best.

Chest infections or pneumonia; breathing problems."	S4A-2026-015|S4A-2026-022|S4A-2026-025|S4A-2026-045	HIGH	HIGH	Hengenahdistus	SOURCE_DERIVED_FINNISH_ONLY	TERM-EVID-PDF-001	TERM-SRC-001	TERM-EVID-PDF-001: Dyspnea; English=NOT_PROVIDED; definition=present	MODEL_SEMANTIC_MAPPING: The Finnish-only glossary defines Dyspnea as Hengenahdistus, vaikeutunut hengitys. The candidate quotes wording from that definition, not an explicit English label. It may support short of breath; it cannot narrow every respiratory or breathing problem to this one symptom. Preserve the rest/movement thresholds and even when the chest is at its best.	NO_REGISTERED_CONFLICT_LINKED; MODEL_MAPPING_UNADJUDICATED	vaikeutunut hengitys (same source definition; human must assess context)	MAY_REMAIN_UNCONTROLLED_FOR_INDEPENDENT_AB					TERM-EVID-WEB-006-016	hengenahdistus	PARTIAL_OR_CONTEXTUAL	EXISTING_EVIDENCE_PLUS_CONTEXT	Hengenahdistus on subjektiivinen oire; respiratory problems on laajempi. Rasitusta, vaikeutta ja syy-yhteyksiä ei saa päätellä sanastosta.
T-013	breathing machine	Has needed treatment with a breathing machine in hospital.	S4A-2026-035	HIGH	HIGH		NO_RELIABLE_TERMINOLOGY_EVIDENCE			No reliable correspondence found in the 136-entry set.	MODEL_SEMANTIC_MAPPING: The extracted medical-device entry has no definition and cannot identify the kind of breathing support meant here. No reliable device-specific terminology evidence is available. Do not add invasive ventilation, a named device or permanent dependence to the source.	NO_REGISTERED_CONFLICT_LINKED; MODEL_MAPPING_UNADJUDICATED		MAY_REMAIN_UNCONTROLLED_FOR_INDEPENDENT_AB					TERM-EVID-WEB-006-017	respiraattori	CORE_TERM_SUPPORTED	NEW_CORE_TERMINOLOGY_EVIDENCE_FOR_REVIEW	Respiraattori määritellään hengitystä tehostavaksi laitteeksi. Laitetyyppi ja maallikon ymmärtämä hengityskone/hengityslaite vaativat ihmisen valinnan; invasiivisuutta ei saa olettaa.
T-014	symptoms / treatment to help with symptoms	"Has troublesome symptoms most of the time despite good treatment of their health problems.

Not well enough for cancer treatment or treatment is to help with symptoms.

We look at the person’s medicines and other treatments to give the best care. Holistic care includes symptoms, emotional, social, functional, financial, spiritual, cultural problems.

Ask for specialist help if symptoms or problems are difficult to manage."	S4A-2026-008|S4A-2026-017|S4A-2026-049|S4A-2026-050	HIGH	MEDIUM	oireet / oireita lievittävä hoito	MODEL_PROPOSED_FROM_EVIDENCE	TERM-EVID-004-ROW-0079|TERM-EVID-004-ROW-0021	TERM-SRC-004	TERM-EVID-004-ROW-0079: terveysongelma; English=NOT_PROVIDED; definition=present | TERM-EVID-004-ROW-0021: hoito; English=NOT_PROVIDED; definition=present	MODEL_SEMANTIC_MAPPING: The Finnish health-problem definition mentions oire; the hoito definition includes alleviating problems and suffering. The plural and symptom-treatment phrase are model-proposed. Preserve troublesome symptoms despite good treatment, cancer treatment to help symptoms, and escalation when difficult to manage; do not equate symptom treatment with imminent dying.	NO_REGISTERED_CONFLICT_LINKED; MODEL_MAPPING_UNADJUDICATED		MAY_REMAIN_UNCONTROLLED_FOR_INDEPENDENT_AB					TERM-EVID-WEB-006-018	hoito	PARTIAL_OR_CONTEXTUAL	EXISTING_EVIDENCE_PLUS_CONTEXT	Hoidon määritelmä sisältää oireiden lievittämisen; katkelma ei kata kaikkia SPICT-oireita eikä ole valmis lausekäännös.
T-015	no treatment available / treatment will not work well	People who are less well with other life shortening physical or mental illnesses or health conditions. There is no treatment available or it will not work well.	S4A-2026-042	HIGH	HIGH		NO_RELIABLE_TERMINOLOGY_EVIDENCE			No reliable correspondence found in the 136-entry set.	MODEL_SEMANTIC_MAPPING: General availability and care-assessment entries do not establish this clinical treatment-option distinction. Leave the candidate blank. Preserve no available treatment versus poor expected effect; do not replace not work well with absolute futility or refusal.	NO_REGISTERED_CONFLICT_LINKED; MODEL_MAPPING_UNADJUDICATED		MAY_REMAIN_UNCONTROLLED_FOR_INDEPENDENT_AB					TERM-EVID-WEB-006-019	hoitovaste	PARTIAL_OR_CONTEXTUAL	STILL_INSUFFICIENT_PARTIAL_EVIDENCE	Hoitovaste kuvaa saavutettua muutosta. Hoidon puuttuminen, heikko teho ja tehoton hoito eivät ole keskenään sama asia; lähdelauseiden erot säilytettävä.
T-016	holistic care	We look at the person’s medicines and other treatments to give the best care. Holistic care includes symptoms, emotional, social, functional, financial, spiritual, cultural problems.	S4A-2026-049	MEDIUM	HIGH	kokonaisvaltainen hoito	MODEL_PROPOSED_FROM_EVIDENCE	TERM-EVID-004-ROW-0021|TERM-EVID-004-ROW-0084	TERM-SRC-004	TERM-EVID-004-ROW-0021: hoito; English=NOT_PROVIDED; definition=present | TERM-EVID-004-ROW-0084: Tiedonhallintapalvelun terveys- ja hoitosuunnitelma; English=NOT_PROVIDED; definition=present	MODEL_SEMANTIC_MAPPING: The broad hoito definition and a kokonaisvaltainen suunnitelma provide related Finnish wording. The candidate is model composition, not a source-supplied pair for holistic care. The evidence does not itself establish all seven SPICT domains; symptoms, emotional, social, functional, financial, spiritual and cultural problems must all remain visible.	NO_REGISTERED_CONFLICT_LINKED; MODEL_MAPPING_UNADJUDICATED		MAY_REMAIN_UNCONTROLLED_FOR_INDEPENDENT_AB							NO_USEFUL_EVIDENCE	MODEL_PROPOSED_FROM_EVIDENCE	Holistinen-haku ei antanut käyttökelpoista hoidon käsitemääritelmää. Laaja terveyskäsitys ei yksin todista holistic care -vastaavuutta.
T-017	functional problems / ongoing disability	"Less able to manage usual activities; not as well as they used to be.
(Person often stays in bed or in a chair for more than half the day.)

Less able to manage usual activities and health is getting poorer.

Unable to dress, walk or eat without help.

Has poor control of bladder and bowels.

Not able to communicate by speaking; not responding much to other people.

Frequent falls; fractured femur.

Physical and mental health are getting worse.

Ongoing disability with increasing physical and/or mental health problems after one or more strokes.

We look at the person’s medicines and other treatments to give the best care. Holistic care includes symptoms, emotional, social, functional, financial, spiritual, cultural problems."	S4A-2026-004|S4A-2026-014|S4A-2026-024|S4A-2026-034|S4A-2026-036|S4A-2026-037|S4A-2026-041|S4A-2026-047|S4A-2026-049	MEDIUM	HIGH	toimintakyvyn ongelmat	MODEL_PROPOSED_FROM_EVIDENCE	TERM-EVID-004-ROW-0004|TERM-EVID-004-ROW-0043	TERM-SRC-004	TERM-EVID-004-ROW-0004: apuväline; English=NOT_PROVIDED; definition=present | TERM-EVID-004-ROW-0043: kuntoutus; English=NOT_PROVIDED; definition=present	MODEL_SEMANTIC_MAPPING: The assistive-device and rehabilitation definitions use toimintakyky and functional limitation. They are context evidence, not source labels for impairment or disability. The candidate is a model construction. Preserve actual activities, assistance needs and ongoing post-stroke disability; do not add a rehabilitation intervention to SPICT.	NO_REGISTERED_CONFLICT_LINKED; MODEL_MAPPING_UNADJUDICATED		MAY_REMAIN_UNCONTROLLED_FOR_INDEPENDENT_AB					TERM-EVID-WEB-006-020	kuntoutus	PARTIAL_OR_CONTEXTUAL	EXISTING_EVIDENCE_PLUS_CONTEXT	Kuntoutuksen määritelmä tukee omatoimisuuden kontekstia; se ei määrittele jatkuvaa toimintarajoitetta eikä korvaa lähteen toimintakykykuvausta.
T-018	spiritual problems	We look at the person’s medicines and other treatments to give the best care. Holistic care includes symptoms, emotional, social, functional, financial, spiritual, cultural problems.	S4A-2026-049	MEDIUM	HIGH		NO_RELIABLE_TERMINOLOGY_EVIDENCE			No reliable correspondence found in the 136-entry set.	MODEL_SEMANTIC_MAPPING: No spiritual-care term or definition occurs in the extracted set. Generic social welfare or quality terms are insufficient. Ask the human reviewers to preserve this domain without restricting it to formal religion; this scope reading is model interpretation of the English, not a Finnish source claim.	NO_REGISTERED_CONFLICT_LINKED; MODEL_MAPPING_UNADJUDICATED		MAY_REMAIN_UNCONTROLLED_FOR_INDEPENDENT_AB							NO_USEFUL_EVIDENCE	NO_RELIABLE_TERMINOLOGY_EVIDENCE	Kohdennetusta hausta ei löytynyt käyttökelpoista näyttöä. Hengelliset ja eksistentiaaliset tarpeet sekä henkilön oma merkitys vaativat erillistä asiantuntemusta.
T-019	cultural problems	We look at the person’s medicines and other treatments to give the best care. Holistic care includes symptoms, emotional, social, functional, financial, spiritual, cultural problems.	S4A-2026-049	MEDIUM	HIGH		NO_RELIABLE_TERMINOLOGY_EVIDENCE			No reliable correspondence found in the 136-entry set.	MODEL_SEMANTIC_MAPPING: No cultural-care terminology entry occurs in the extracted set. Do not infer a Finnish equivalent from administrative social-service vocabulary. Review wording for the stated domain without labelling a culture itself as a problem.	NO_REGISTERED_CONFLICT_LINKED; MODEL_MAPPING_UNADJUDICATED		MAY_REMAIN_UNCONTROLLED_FOR_INDEPENDENT_AB							NO_USEFUL_EVIDENCE	NO_RELIABLE_TERMINOLOGY_EVIDENCE	Kohdennetusta hausta ei löytynyt käyttökelpoista näyttöä. Kulttuuriin liittyviä ongelmia ei saa supistaa diagnoosiksi tai kieliongelmaksi.
T-020	urgent or emergency hospital admissions or visits	Urgent or emergency hospital admission(s) or visits.	S4A-2026-003	HIGH	HIGH	kiireellinen sairaalahoito / sairaalakäynti	MODEL_PROPOSED_FROM_EVIDENCE	TERM-EVID-004-ROW-0022|TERM-EVID-004-ROW-0023|TERM-EVID-004-ROW-0057|TERM-EVID-004-ROW-0059	TERM-SRC-004	TERM-EVID-004-ROW-0022: kiireellinen hoito; English=NOT_PROVIDED; definition=present | TERM-EVID-004-ROW-0023: akuuttihoito; English=NOT_PROVIDED; definition=present | TERM-EVID-004-ROW-0057: osastohoitojakso; English=NOT_PROVIDED; definition=present | TERM-EVID-004-ROW-0059: käynti; English=NOT_PROVIDED; definition=present	MODEL_SEMANTIC_MAPPING: Finnish entries distinguish urgent care, emergency-unit care, ward episodes and visits. The combined candidate is model-proposed and provisional: sairaalahoito may describe care rather than the admission event. Human review must preserve urgency/emergency, admission versus visit, and the source singular/plural, without substituting ambulance/prehospital care.	NO_REGISTERED_CONFLICT_LINKED; MODEL_MAPPING_UNADJUDICATED		MAY_REMAIN_UNCONTROLLED_FOR_INDEPENDENT_AB					TERM-EVID-WEB-006-021	tarkkailuosasto	PARTIAL_OR_CONTEXTUAL	EXISTING_EVIDENCE_PLUS_CONTEXT	Tarkkailuosasto on sairaalan osasto. Katkelma ei määrittele kiireellisyyttä, päivystyskäyntiä tai sairaalaan ottamista kokonaisuutena; nämä erot jäävät ensihoidon ammattilaisen tarkistettaviksi.
T-021	specialist help	Ask for specialist help if symptoms or problems are difficult to manage.	S4A-2026-050	HIGH	MEDIUM	asiantuntijan apu	MODEL_PROPOSED_FROM_EVIDENCE	TERM-EVID-004-ROW-0038|TERM-EVID-004-ROW-0039	TERM-SRC-004	TERM-EVID-004-ROW-0038: konsultaatiopyyntö; English=NOT_PROVIDED; definition=present | TERM-EVID-004-ROW-0039: konsultaatiovastaus; English=NOT_PROVIDED; definition=present	MODEL_SEMANTIC_MAPPING: Consultation-request/response definitions support seeking advice between professionals. They do not explicitly translate specialist help or require physician-only referral. The candidate is a model proposal whose level of expertise must be assessed against the source escalation trigger; do not replace help with a mandatory referral process.	NO_REGISTERED_CONFLICT_LINKED; MODEL_MAPPING_UNADJUDICATED		MAY_REMAIN_UNCONTROLLED_FOR_INDEPENDENT_AB					TERM-EVID-WEB-006-022	konsultaatio	PARTIAL_OR_CONTEXTUAL	EXISTING_EVIDENCE_PLUS_CONTEXT	Konsultaatio koskee neuvon kysymistä; specialist help voi sisältää muitakin tukimuotoja. Lähteen termi ei yksin ratkaise erikoisalan avun laajuutta.
T-022	person: scope relative to patient / healthcare client	"The SPICT helps us look for people who have life shortening health conditions and are less well. These people need more help and care now, and a plan for care in the future.

Does this person have signs of poor health or health problems that are getting worse?

Needs more help and care from others due to increasing physical and/or mental health problems.

Person’s carer needs more help and support.

The person (or family) asks for palliative care; chooses to reduce, stop or not have treatment; or wishes to focus on quality of life.

Does this person have any of these health problems?

What we can do to help this person and their family.

Start talking with the person and their family or carer about help needed now and why making plans is important in case things change.

Ask for help and advice from a nurse, doctor, social worker or other staff if the person or family needs a review of their care and support.

We look at the person’s medicines and other treatments to give the best care. Holistic care includes symptoms, emotional, social, functional, financial, spiritual, cultural problems."	S4A-2026-001|S4A-2026-002|S4A-2026-005|S4A-2026-006|S4A-2026-009|S4A-2026-010|S4A-2026-044|S4A-2026-046|S4A-2026-048|S4A-2026-049	MEDIUM	HIGH	henkilö	MODEL_PROPOSED_FROM_EVIDENCE	TERM-EVID-004-ROW-0076|TERM-EVID-005-ROW-0008|TERM-EVID-004-ROW-0075|TERM-EVID-005-ROW-0007	TERM-SRC-004|TERM-SRC-005	TERM-EVID-004-ROW-0076: potilas; English=NOT_PROVIDED; definition=present | TERM-EVID-005-ROW-0008: potilas; English=SOURCE_EXPLICIT; definition=present | TERM-EVID-004-ROW-0075: terveydenhuollon asiakas; English=NOT_PROVIDED; definition=present | TERM-EVID-005-ROW-0007: terveydenhuollon asiakas; English=SOURCE_EXPLICIT; definition=present	MODEL_SEMANTIC_MAPPING: The source explicitly pairs patient with potilas and healthcare client with terveydenhuollon asiakas, not person. The candidate henkilö is model-selected from the source definitions to preserve the broader person-centred wording. The two registered definition conflicts remain unresolved; the presence of English labels must not be laundered into a person translation pair.	UNRESOLVED:TERM-CONFLICT-002|TERM-CONFLICT-004	potilas / terveydenhuollon asiakas (source terms for scope comparison only)	MAY_REMAIN_UNCONTROLLED_FOR_INDEPENDENT_AB					TERM-EVID-WEB-006-023	potilas	PARTIAL_OR_CONTEXTUAL	EXISTING_EVIDENCE_PLUS_CONTEXT	Potilas määritellään terveyspalvelusuhteen kautta; person ei automaattisesti rajaa henkilöä potilaaksi. Vanhoja potilas/asiakas-ristiriitoja ei ratkaista tällä määritelmällä.
T-023	help and care needed	"The SPICT helps us look for people who have life shortening health conditions and are less well. These people need more help and care now, and a plan for care in the future.

Needs more help and care from others due to increasing physical and/or mental health problems.

Person’s carer needs more help and support.

Start talking with the person and their family or carer about help needed now and why making plans is important in case things change.

Ask for help and advice from a nurse, doctor, social worker or other staff if the person or family needs a review of their care and support."	S4A-2026-001|S4A-2026-005|S4A-2026-006|S4A-2026-046|S4A-2026-048	MEDIUM	HIGH	hoidon tarve	SOURCE_DERIVED_FINNISH_ONLY	TERM-EVID-004-ROW-0065|TERM-EVID-004-ROW-0064|TERM-EVID-005-ROW-0026	TERM-SRC-004|TERM-SRC-005	TERM-EVID-004-ROW-0065: hoidon tarve; English=NOT_PROVIDED; definition=present | TERM-EVID-004-ROW-0064: palvelutarve; English=NOT_PROVIDED; definition=present | TERM-EVID-005-ROW-0026: palvelutarve; English=SOURCE_EXPLICIT; definition=present	MODEL_SEMANTIC_MAPPING: The Finnish-only hoidon tarve definition may inform the care component; palvelutarve is broader formal service-need terminology. Neither covers every informal help/support need in SPICT. Both records for the registered palvelutarve conflict are retained for human scope review; apparent markup differences do not authorize automatic resolution.	UNRESOLVED:TERM-CONFLICT-001	palvelutarve (broader source term; not an automatic replacement for all help)	MAY_REMAIN_UNCONTROLLED_FOR_INDEPENDENT_AB					TERM-EVID-WEB-006-024	hoito	PARTIAL_OR_CONTEXTUAL	EXISTING_EVIDENCE_PLUS_CONTEXT	Hoito kattaa useita toimia. Help and care needed ei supistu kliiniseen hoitoon tai muodolliseen palvelutarpeeseen; vanha palvelutarve-ristiriita jää avoimeksi.
T-024	nurse, doctor, social worker or other staff	Ask for help and advice from a nurse, doctor, social worker or other staff if the person or family needs a review of their care and support.	S4A-2026-048	HIGH	HIGH		NO_RELIABLE_TERMINOLOGY_EVIDENCE			No reliable correspondence found in the 136-entry set.	MODEL_SEMANTIC_MAPPING: The extracted terveydenhuollon ammattihenkilö definition is a specific professional category and does not establish an umbrella equivalent covering the entire SPICT list. No reliable candidate for the whole list is proposed. Preserve all named roles and other staff without imposing a legal classification from an undated CSV.	NO_REGISTERED_CONFLICT_LINKED; MODEL_MAPPING_UNADJUDICATED		MAY_REMAIN_UNCONTROLLED_FOR_INDEPENDENT_AB							NO_USEFUL_EVIDENCE	NO_RELIABLE_TERMINOLOGY_EVIDENCE	Haku ei tuottanut riittäviä ammattinimikkeiden määritelmiä. Eri henkilöstöryhmät ja other staff -vaihtoehto on säilytettävä; tehtävänimikepäätös vaatii ihmisen.
T-025	surgery is not possible	Leg problems due to poor blood circulation; surgery is not possible.	S4A-2026-018	HIGH	MEDIUM	Ei leikattavissa oleva	SOURCE_DERIVED_FINNISH_ONLY	TERM-EVID-PDF-002	TERM-SRC-001	TERM-EVID-PDF-002: Inoperaabeli; English=NOT_PROVIDED; definition=present	MODEL_SEMANTIC_MAPPING: The Finnish-only definition of Inoperaabeli provides the candidate wording, but the source does not specify whether impossibility is anatomical or due to the person’s overall condition. The human reviewer must assess applicability to this leg/circulation context. Do not turn not possible into unwillingness or a discretionary recommendation.	NO_REGISTERED_CONFLICT_LINKED; MODEL_MAPPING_UNADJUDICATED	Inoperaabeli (source headword; technical wording, not preferred by this run)	MAY_REMAIN_UNCONTROLLED_FOR_INDEPENDENT_AB							NO_USEFUL_EVIDENCE	SOURCE_DERIVED_FINNISH_ONLY	Inoperaabeli-haku ei palauttanut tuloksia. Teknistä diagnoosiluonteista termiä ei lisätä lähteen surgery is not possible -ilmaukseen.
T-026	medicines and other treatments	We look at the person’s medicines and other treatments to give the best care. Holistic care includes symptoms, emotional, social, functional, financial, spiritual, cultural problems.	S4A-2026-049	HIGH	MEDIUM		NO_RELIABLE_TERMINOLOGY_EVIDENCE			No reliable correspondence found in the 136-entry set.	MODEL_SEMANTIC_MAPPING: The general hoito definition does not supply a reliable medicines-versus-other-treatments pair. Keep the candidate blank and preserve both parts of the review instruction; do not reduce the review to medicines alone.	NO_REGISTERED_CONFLICT_LINKED; MODEL_MAPPING_UNADJUDICATED		MAY_REMAIN_UNCONTROLLED_FOR_INDEPENDENT_AB					TERM-EVID-WEB-006-025	hoito	PARTIAL_OR_CONTEXTUAL	STILL_INSUFFICIENT_PARTIAL_EVIDENCE	Hoidon määritelmä mainitsee lääkityksen ja muita toimia. Tämä on osittainen tuki, ei lääke-käsitteen määritelmä eikä peruste häivyttää medicines and other treatments -erottelua.
T-027	one or more strokes	Ongoing disability with increasing physical and/or mental health problems after one or more strokes.	S4A-2026-047	HIGH	MEDIUM		NO_RELIABLE_TERMINOLOGY_EVIDENCE			No reliable correspondence found in the 136-entry set.	MODEL_SEMANTIC_MAPPING: No stroke terminology entry is present. Generic disability/rehabilitation definitions do not establish the event term. Preserve one or more, ongoing disability and increasing physical and/or mental health problems without adding a stroke subtype.	NO_REGISTERED_CONFLICT_LINKED; MODEL_MAPPING_UNADJUDICATED		MAY_REMAIN_UNCONTROLLED_FOR_INDEPENDENT_AB					TERM-EVID-WEB-006-026	aivohalvaus	PARTIAL_OR_CONTEXTUAL	STILL_INSUFFICIENT_PARTIAL_EVIDENCE	Aivohalvauksen sanastomääritelmä painottaa halvausoiretta; stroke voi esiintyä myös ilman tätä. Tarvitaan kliininen laajuustarkistus. One or more -määrää ei saa kadottaa.
T-028	difficulty with swallowing	"Eating and drinking less; difficulty with swallowing.

More problems with speaking and communicating; swallowing is getting worse."	S4A-2026-032|S4A-2026-043	HIGH	MEDIUM		NO_RELIABLE_TERMINOLOGY_EVIDENCE			No reliable correspondence found in the 136-entry set.	MODEL_SEMANTIC_MAPPING: No swallowing entry occurs in the extracted set. Do not infer a term from unrelated respiratory vocabulary. Preserve difficulty versus worsening and the eating/drinking context without adding a diagnosis or intervention.	NO_REGISTERED_CONFLICT_LINKED; MODEL_MAPPING_UNADJUDICATED		MAY_REMAIN_UNCONTROLLED_FOR_INDEPENDENT_AB					TERM-EVID-WEB-006-027	dysfagia	CORE_TERM_SUPPORTED	NEW_CORE_TERMINOLOGY_EVIDENCE_FOR_REVIEW	Dysfagian määritelmä on nielemishäiriö. Maallikkokielinen vaikeuden kuvaus ja syömisen/juomisen konteksti jäävät valittaviksi; teknistä termiä ei automaattisesti siirretä SPICTiin.
T-029	being confused at times	being confused at times	S4A-2026-028	HIGH	HIGH		NO_RELIABLE_TERMINOLOGY_EVIDENCE			No reliable correspondence found in the 136-entry set.	MODEL_SEMANTIC_MAPPING: No confusion entry occurs in the extracted set. The liver-complication context does not authorize replacing the observation with a named diagnosis such as a specific encephalopathy. Preserve intermittency and keep any controlled label subject to human review.	NO_REGISTERED_CONFLICT_LINKED; MODEL_MAPPING_UNADJUDICATED		MAY_REMAIN_UNCONTROLLED_FOR_INDEPENDENT_AB					TERM-EVID-WEB-006-028	sekavuustila	PARTIAL_OR_CONTEXTUAL	STILL_INSUFFICIENT_PARTIAL_EVIDENCE	Sekavuustila on määritelty tajunnan/orientaation häiriöksi. Being confused at times ei itsessään todista delirium-diagnoosia; ajallinen vaihtelu säilytettävä.
